"voluntary_test-test_141250018_cx_0","c","MOSS","1461","2017-08-22 11:28:39.994","false","false","true","true","false","true","o1"
"test_141250018_cx_0","h","/voluntary_test","1368","2017-08-22 11:28:39.996","false","false","true","true","false","true","o2"
"voluntary_test-test_151250091_ljm_1","c","MOSS","1281","2017-08-22 11:28:39.996","false","false","true","true","false","false","o3"
"voluntary_test-test_151250100_lyx_0","c","MOSS","531","2017-08-22 11:28:39.996","false","false","true","true","false","false","o4"
"voluntary_test-test_151250176_xkf_0","c","MOSS","882","2017-08-22 11:28:39.996","false","false","true","true","false","false","o5"
"voluntary_test-test_151250178_yym_0","c","MOSS","1141","2017-08-22 11:28:39.996","false","false","true","true","false","false","o6"
"type","h","","1843","2017-08-22 11:28:39.996","false","false","true","true","false","true","o7"
"test_utils","h","","1525","2017-08-22 11:28:39.996","false","false","true","true","false","false","o8"
"-test_utils","c","MOSS","1068","2017-08-22 11:28:39.996","false","false","true","true","false","false","o9"
"test_script","py","","943","2017-08-22 11:28:39.996","false","false","true","true","false","true","o10"
"-test2","c","MOSS","1181","2017-08-22 11:28:39.996","false","false","true","true","false","false","o11"
"test","h","","181","2017-08-22 11:28:39.996","false","false","true","true","false","false","o12"
"-test","c","MOSS","922","2017-08-22 11:28:39.996","false","false","true","true","false","false","o13"
"testcase","txt","/test","1025","2017-08-22 11:28:39.996","false","false","true","true","false","false","o14"
"test-utils","c","MOSS","1069","2017-08-22 11:28:39.996","false","false","true","true","false","true","o15"
"test-my_test","c","MOSS","1396","2017-08-22 11:28:39.997","false","false","true","true","false","false","o16"
"read_method","h","","347","2017-08-22 11:28:39.997","false","false","true","true","false","false","o17"
"-read_method","c","MOSS","650","2017-08-22 11:28:39.997","false","false","true","true","false","false","o18"
"performance_test","h","","1078","2017-08-22 11:28:39.997","false","false","true","true","false","false","o19"
"-performance_test","c","MOSS","971","2017-08-22 11:28:39.997","false","false","true","true","false","false","o20"
"page_table","h","","1460","2017-08-22 11:28:39.997","false","false","true","true","false","false","o21"
"-page_table","c","MOSS","639","2017-08-22 11:28:39.997","false","false","true","true","false","false","o22"
"page_selector","h","","1541","2017-08-22 11:28:39.997","false","false","true","true","false","false","o23"
"-page_selector","c","MOSS","812","2017-08-22 11:28:39.997","false","false","true","true","false","false","o24"
"-main","c","MOSS","1619","2017-08-22 11:28:39.997","false","false","true","true","false","false","o25"
"-dynamic_schedule","c","MOSS","512","2017-08-22 11:28:39.997","false","false","true","true","false","false","o26"
"md2pdf","sh","/doc","466","2017-08-22 11:28:39.997","false","false","true","true","false","false","o27"
"performance_benchmarks","md","/doc","777","2017-08-22 11:28:39.997","false","false","true","true","false","false","o28"
"experiment guide","md","/doc","692","2017-08-22 11:28:39.997","false","false","true","true","false","false","o29"
"experiment guide","pdf","/doc","721","2017-08-22 11:28:39.997","false","false","true","true","false","false","o30"
"test cases design","md","/doc","1347","2017-08-22 11:28:39.997","false","false","true","true","false","false","o31"
"memory management","","/doc","833","2017-08-22 11:28:39.997","false","false","true","true","false","false","o32"
"memory management","key","/doc","1019","2017-08-22 11:28:39.997","false","false","true","true","false","false","o33"
"test_results","xlsx","/doc","1001","2017-08-22 11:28:39.997","false","false","true","true","false","false","o34"
"const","h","","841","2017-08-22 11:28:39.997","false","false","true","true","false","false","o35"
"call","h","","1550","2017-08-22 11:28:39.997","false","false","true","true","false","false","o36"
"-call","c","MOSS","822","2017-08-22 11:28:39.997","false","false","true","true","false","false","o37"
"bottom","h","","1210","2017-08-22 11:28:39.998","false","false","true","true","false","false","o38"
"-bottom","c","MOSS","1808","2017-08-22 11:28:39.998","false","false","true","true","false","false","o39"
"approximateLRU","h","","832","2017-08-22 11:28:39.998","false","false","true","true","false","false","o40"
"-approximateLRU","c","MOSS","541","2017-08-22 11:28:39.998","false","false","true","true","false","false","o41"
"address_translator","h","","811","2017-08-22 11:28:39.998","false","false","true","true","false","false","o42"
"-address_translator","c","MOSS","576","2017-08-22 11:28:39.998","false","false","true","true","false","false","o43"
"ReadMe","txt","","1805","2017-08-22 11:28:39.998","false","false","true","true","false","false","o44"
"README","md","","1441","2017-08-22 11:28:39.998","false","false","true","true","false","false","o45"
"INT","h","","1308","2017-08-22 11:28:39.998","false","false","true","true","false","false","o46"
"-INT","c","MOSS","1325","2017-08-22 11:28:39.998","false","false","true","true","false","false","o47"
"CMakeLists","txt","","224","2017-08-22 11:28:39.998","false","false","true","true","false","false","o48"
